Country,Total Ranking,Total Score,Helping a stranger Ranking,Helping a stranger Score,Donating money Ranking,Donating money Score,Volunteering time Ranking,Volunteering time Score,Year
United States of America,1,60%,2,73%,10,65%,5,43%,2011
Ireland,2,59%,13,65%,3,75%,13,38%,2011
Australia,3,58%,10,68%,8,71%,16,36%,2011
New Zealand,4,57%,8,69%,14,63%,11,39%,2011
United Kingdom,5,57%,17,63%,2,79%,32,28%,2011
Netherlands,6,54%,53,51%,3,75%,15,37%,2011
Canada,7,54%,13,65%,15,62%,21,34%,2011
Sri Lanka,8,51%,36,55%,20,53%,3,46%,2011
Thailand,9,51%,59,50%,1,85%,86,17%,2011
Laos,10,50%,43,53%,12,64%,26,32%,2011
Hong Kong,11,49%,27,59%,5,73%,92,16%,2011
Morocco,12,48%,29,58%,6,72%,101,14%,2011
Nigeria,13,47%,5,71%,57,30%,7,41%,2011
Iceland,14,47%,76,47%,9,67%,42,26%,2011
Liberia,14,47%,1,81%,132,11%,2,48%,2011
Turkmenistan,14,47%,20,62%,103,17%,1,61%,2011
Denmark,17,46%,63,49%,12,64%,52,24%,2011
Guyana,18,45%,11,67%,44,36%,23,33%,2011
Malta,19,45%,85,44%,10,65%,47,25%,2011
Qatar,19,45%,8,69%,20,53%,113,12%,2011
Finland,21,44%,47,52%,25,49%,28,30%,2011
Ghana,21,44%,3,72%,59,29%,28,30%,2011
Guinea,21,44%,21,61%,64,28%,6,42%,2011
Luxembourg,21,44%,76,47%,16,55%,31,29%,2011
Switzerland,21,44%,63,49%,17,54%,32,28%,2011
Germany,26,43%,36,55%,25,49%,42,26%,2011
Trinidad & Tobago,26,43%,25,60%,27,45%,47,25%,2011
Cyprus,28,43%,29,58%,27,45%,42,26%,2011
Austria,29,43%,53,51%,24,50%,37,27%,2011
Guatemala,29,43%,47,52%,32,43%,23,33%,2011
Myanmar,29,43%,47,52%,44,36%,10,40%,2011
Norway,32,42%,82,45%,32,43%,13,38%,2011
Philippines,32,42%,33,57%,64,28%,7,41%,2011
Pakistan,34,42%,76,47%,23,51%,37,27%,2011
Angola,35,41%,21,61%,78,24%,11,39%,2011
Slovenia,36,41%,71,48%,37,40%,21,34%,2011
Malawi,36,41%,29,58%,59,29%,18,35%,2011
Israel,38,40%,85,44%,22,52%,47,25%,2011
Somaliland,39,40%,25,60%,32,43%,86,17%,2011
Sweden,40,39%,47,52%,17,54%,119,11%,2011
Tajikistan,41,39%,71,48%,78,24%,4,44%,2011
Sierra Leone,42,38%,3,72%,108,16%,42,26%,2011
Paraguay,42,38%,92,43%,44,36%,18,35%,2011
Chile,44,38%,43,53%,30,44%,92,16%,2011
Columbia,45,38%,16,64%,73,25%,52,24%,2011
Uzbekistan,46,37%,53,51%,92,20%,7,41%,2011
United Arab Emirates,47,37%,41,54%,27,45%,113,12%,2011
Costa Rica,47,37%,53,51%,44,36%,52,24%,2011
Dominican Republic,49,37%,41,54%,83,23%,23,33%,2011
Indonesia,49,37%,149,25%,6,72%,110,13%,2011
Sudan,51,36%,7,70%,108,16%,61,22%,2011
Jamaica,52,36%,21,61%,64,28%,78,18%,2011
Kuwait,52,36%,63,49%,41,38%,68,20%,2011
Afghanistan,54,35%,33,57%,59,29%,68,20%,2011
Belgium,54,35%,111,38%,35,42%,42,26%,2011
Comoros,54,35%,29,58%,92,20%,32,28%,2011
South Korea,57,35%,85,44%,52,34%,37,27%,2011
Saudi Arabia,57,35%,63,49%,50,35%,64,21%,2011
Belize,59,35%,59,50%,70,27%,37,27%,2011
Haiti,59,35%,118,37%,44,36%,27,31%,2011
Mongolia,59,35%,101,40%,44,36%,32,28%,2011
Cambodia,62,34%,106,39%,17,54%,127,10%,2011
Kenya,62,34%,27,59%,85,22%,61,22%,2011
Lebanon,62,34%,47,52%,37,40%,119,11%,2011
Puerto Rico,62,34%,36,55%,57,30%,78,18%,2011
Uganda,62,34%,13,65%,114,15%,58,23%,2011
Mexico,67,34%,63,49%,64,28%,47,25%,2011
Taiwan,67,34%,85,44%,39,39%,74,19%,2011
Tanzania,67,34%,43,53%,56,31%,78,18%,2011
Botswana,70,33%,12,66%,103,17%,86,17%,2011
Kosovo,71,33%,106,39%,30,44%,92,16%,2011
Panama,71,33%,94,42%,54,33%,52,24%,2011
Bahrain,73,33%,92,43%,41,38%,86,17%,2011
Cameroon,74,32%,17,63%,92,20%,101,14%,2011
Kyrgyzstan,74,32%,80,46%,114,15%,16,36%,2011
Poland,74,32%,82,45%,39,39%,110,13%,2011
Mauritania,77,32%,53,51%,59,29%,92,16%,2011
Bangladesh,78,32%,17,63%,100,18%,101,14%,2011
Zambia,78,32%,21,61%,138,10%,52,24%,2011
France,80,31%,111,38%,64,28%,37,27%,2011
Honduras,80,31%,129,35%,52,34%,52,24%,2011
Senegal,80,31%,5,71%,126,12%,127,10%,2011
Spain,83,30%,63,49%,78,24%,78,18%,2011
Nepal,84,30%,101,40%,70,27%,61,22%,2011
Argentina,85,29%,59,50%,85,22%,92,16%,2011
Brazil,85,29%,71,48%,72,26%,101,14%,2011
Malaysia,87,29%,144,30%,43,37%,68,20%,2011
Belarus,87,29%,126,36%,108,16%,18,35%,2011
Central Africa Republic,87,29%,33,57%,138,10%,68,20%,2011
Syria,90,29%,36,55%,89,21%,127,10%,2011
India,91,28%,106,39%,64,28%,78,18%,2011
Singapore,91,28%,133,33%,36,41%,119,11%,2011
Iran,91,28%,111,38%,50,35%,113,12%,2011
Azerbaijan,94,28%,94,42%,100,18%,58,23%,2011
Bolivia,94,28%,85,44%,97,19%,68,20%,2011
Czech Republic,94,28%,126,36%,59,29%,78,18%,2011
Namibia,94,28%,63,49%,103,17%,86,17%,2011
Peru,94,28%,94,42%,85,22%,74,19%,2011
Moldova,94,28%,85,44%,100,18%,64,21%,2011
Tunisia,100,27%,36,55%,114,15%,113,12%,2011
Zimbabwe,100,27%,47,52%,143,9%,64,21%,2011
Nicaragua,102,27%,111,38%,73,25%,86,17%,2011
Congo Brazzaville,102,27%,53,51%,132,11%,78,18%,2011
Italy,104,26%,138,32%,54,33%,101,14%,2011
Chad,105,26%,106,39%,97,19%,68,20%,2011
Japan,105,26%,148,26%,78,24%,32,28%,2011
Ukraine,105,26%,118,37%,132,11%,28,30%,2011
El Salvador,108,26%,94,42%,92,20%,99,15%,2011
South Africa,108,26%,43,53%,138,10%,101,14%,2011
Egypt,110,25%,63,49%,89,21%,141,6%,2011
Kazakhstan,110,25%,106,39%,126,12%,47,25%,2011
Benin,112,25%,118,37%,97,19%,74,19%,2011
Slovakia,113,25%,133,33%,73,25%,92,16%,2011
Iraq,114,24%,71,48%,114,15%,127,10%,2011
Mali,115,23%,101,40%,114,15%,101,14%,2011
Ecuador,115,23%,140,31%,85,22%,92,16%,2011
Yemen,115,23%,59,50%,123,13%,141,6%,2011
Burkina Faso,118,23%,80,46%,126,12%,127,10%,2011
Venezuela,118,23%,101,40%,103,17%,119,11%,2011
Armenia,118,23%,76,47%,138,10%,119,11%,2011
Jordan,118,23%,118,37%,73,25%,141,6%,2011
Latvia,118,23%,131,34%,108,16%,78,18%,2011
Romania,118,23%,111,38%,73,25%,146,5%,2011
Uruguay,124,22%,111,38%,103,17%,113,12%,2011
Djibouti,125,22%,94,42%,123,13%,119,11%,2011
Vietnam,125,22%,140,31%,83,23%,113,12%,2011
Democratic Republic of the Congo,127,22%,94,42%,143,9%,101,14%,2011
Hungary,127,22%,118,37%,92,20%,135,8%,2011
Portugal,127,22%,131,34%,89,21%,127,10%,2011
Estonia,130,21%,118,37%,126,12%,99,15%,2011
Russia,130,21%,126,36%,152,5%,58,23%,2011
Niger,132,21%,71,48%,138,10%,146,5%,2011
North Macedonia,132,21%,140,31%,78,24%,135,8%,2011
Ethiopia,134,21%,133,33%,108,16%,110,13%,2011
Georgia,134,21%,118,37%,153,4%,64,21%,2011
Turkey,136,20%,101,40%,120,14%,138,7%,2011
Algeria,136,20%,85,44%,143,9%,135,8%,2011
Mozambique,136,20%,129,35%,126,12%,101,14%,2011
Togo,139,20%,133,33%,147,8%,74,19%,2011
China,140,20%,100,41%,120,14%,149,4%,2011
Cote d'Ivoire,141,19%,82,45%,150,6%,138,7%,2011
Palestinian Territory,142,19%,118,37%,132,11%,133,9%,2011
Lithuania,143,18%,111,38%,148,7%,133,9%,2011
Bosnia and Herzegovina,144,18%,133,33%,108,16%,149,4%,2011
Bulgaria,145,17%,138,32%,123,13%,146,5%,2011
Montenegro,146,16%,140,31%,132,11%,141,6%,2011
Rwanda,147,16%,151,21%,114,15%,119,11%,2011
Serbia,147,16%,145,29%,120,14%,149,4%,2011
Croatia,149,15%,145,29%,132,11%,149,4%,2011
Albania,150,14%,150,24%,126,12%,141,6%,2011
Australia,1,60%,10,67%,2,76%,12,37%,2012
Ireland,2,60%,13,66%,1,79%,15,34%,2012
Canada,3,58%,10,67%,10,64%,7,42%,2012
New Zealand,4,57%,9,68%,8,66%,11,38%,2012
United States of America,5,57%,3,71%,13,57%,7,42%,2012
Netherlands,6,53%,49,51%,3,73%,15,34%,2012
Indonesia,7,52%,77,43%,5,71%,10,41%,2012
United Kingdom,8,51%,33,56%,4,72%,35,26%,2012
Paraguay,9,50%,22,61%,23,48%,7,42%,2012
Denmark,10,49%,43,54%,7,70%,45,23%,2012
Liberia,11,49%,1,81%,109,12%,2,53%,2012
Iran,12,48%,6,70%,21,51%,41,24%,2012
Turkmenistan,13,48%,33,56%,52,30%,1,58%,2012
Qatar,14,47%,3,71%,17,53%,67,17%,2012
Sri Lanka,15,47%,38,55%,30,42%,6,43%,2012
Trinidad and Tobago,16,45%,19,62%,26,44%,23,30%,2012
Finland,17,45%,29,57%,22,50%,30,27%,2012
Philippines,17,45%,26,58%,47,32%,5,44%,2012
Hong Kong,19,44%,33,56%,10,64%,87,13%,2012
Oman,19,44%,2,72%,32,39%,48,22%,2012
Cyprus,21,44%,57,48%,14,56%,30,27%,2012
Malta,21,44%,77,43%,8,66%,48,22%,2012
Mauritius,23,43%,77,43%,19,52%,14,35%,2012
Dominican Republic,24,43%,19,62%,47,32%,15,34%,2012
Uzbekistan,24,43%,43,54%,56,28%,3,46%,2012
Thailand,26,42%,92,40%,5,71%,78,15%,2012
Somaliland (Region),27,42%,19,62%,26,44%,61,19%,2012
Austria,28,41%,58,47%,17,53%,41,24%,2012
Luxembourg,28,41%,88,41%,14,56%,30,27%,2012
Angola,30,40%,33,56%,50,31%,18,33%,2012
Honduras,31,40%,29,57%,40,33%,26,29%,2012
Jamaica,32,39%,16,64%,72,22%,19,32%,2012
Sierra Leone,33,39%,3,71%,97,15%,23,30%,2012
Chile,34,38%,33,56%,25,45%,84,14%,2012
Germany,34,38%,51,50%,28,43%,48,22%,2012
Slovenia,34,38%,71,44%,37,35%,13,36%,2012
Sweden,37,38%,58,47%,14,56%,99,11%,2012
United Arab Emirates,37,38%,38,55%,24,47%,93,12%,2012
Zambia,37,38%,7,69%,77,21%,41,24%,2012
Cambodia,40,37%,92,40%,12,61%,104,10%,2012
Kenya,40,37%,16,64%,69,23%,41,24%,2012
Colombia,42,37%,15,65%,69,23%,48,22%,2012
Sudan,43,36%,10,67%,86,19%,45,23%,2012
Ghana,44,36%,48,53%,69,23%,19,32%,2012
South Korea,45,36%,68,45%,40,33%,26,29%,2012
Mongolia,46,35%,118,32%,30,42%,19,32%,2012
Uganda,46,35%,13,66%,80,20%,56,20%,2012
Afghanistan,48,35%,49,51%,40,33%,53,21%,2012
Costa Rica,48,35%,43,54%,53,29%,48,22%,2012
Guatemala,48,35%,58,47%,60,27%,22,31%,2012
Swaziland,48,35%,26,58%,80,20%,30,27%,2012
Malawi,52,34%,43,54%,72,22%,30,27%,2012
Taiwan,52,34%,71,44%,28,43%,73,16%,2012
Belgium,54,34%,101,38%,34,38%,35,26%,2012
France,54,34%,71,44%,53,29%,26,29%,2012
Israel,54,34%,108,36%,19,52%,84,14%,2012
Italy,57,33%,68,45%,35,37%,64,18%,2012
Nigeria,58,33%,29,57%,97,15%,35,26%,2012
Panama,58,33%,92,40%,37,35%,45,23%,2012
Syria,58,33%,29,57%,50,31%,104,10%,2012
Bolivia,61,32%,38,55%,72,22%,56,20%,2012
Tajikistan,61,32%,63,46%,136,6%,4,45%,2012
Zimbabwe,63,32%,23,60%,115,10%,35,26%,2012
Lesotho,64,32%,7,69%,115,10%,73,16%,2012
Bahrain,65,31%,68,45%,40,33%,78,15%,2012
Guinea,66,31%,26,58%,77,21%,87,13%,2012
Cameroon,67,30%,18,63%,93,17%,99,11%,2012
Haiti,67,30%,135,27%,32,39%,40,25%,2012
Lebanon,67,30%,51,50%,40,33%,114,8%,2012
South Africa,70,30%,38,55%,97,15%,61,19%,2012
Vietnam,70,30%,63,46%,40,33%,104,10%,2012
Mauritania,72,29%,77,43%,56,28%,67,17%,2012
Spain,72,29%,55,49%,62,26%,87,13%,2012
Latvia,74,29%,92,40%,39,34%,93,12%,2012
Mexico,75,28%,63,46%,72,22%,67,17%,2012
Azerbaijan,76,28%,108,36%,80,20%,29,28%,2012
Malaysia,76,28%,136,26%,47,32%,35,26%,2012
Gabon,78,28%,23,60%,115,10%,87,13%,2012
Comoros,79,27%,51,50%,109,12%,61,19%,2012
Estonia,79,27%,88,41%,86,19%,53,21%,2012
Kosovo,79,27%,84,42%,56,28%,99,11%,2012
Slovakia,79,27%,120,31%,35,37%,87,13%,2012
Brazil,83,27%,71,44%,68,24%,93,12%,2012
Congo Brazzaville,83,27%,43,54%,115,10%,73,16%,2012
Japan,85,26%,138,25%,40,33%,53,21%,2012
Pakistan,85,26%,84,42%,65,25%,93,12%,2012
Saudi Arabia,87,26%,71,44%,65,25%,111,9%,2012
Moldova,88,26%,88,41%,86,19%,67,17%,2012
Nicaragua,89,25%,108,36%,77,21%,64,18%,2012
Uruguay,89,25%,99,39%,65,25%,99,11%,2012
Belarus,91,25%,132,28%,96,16%,23,30%,2012
Iraq,91,25%,63,46%,80,20%,114,8%,2012
Argentina,93,24%,92,40%,92,18%,78,15%,2012
Hungary,94,24%,101,38%,62,26%,114,8%,2012
Peru,94,24%,92,40%,93,17%,78,15%,2012
Poland,94,24%,108,36%,56,28%,114,8%,2012
Tunisia,94,24%,25,59%,129,8%,135,5%,2012
Czech Republic,98,24%,124,30%,60,27%,84,14%,2012
Central African Republic,99,23%,77,43%,109,12%,78,15%,2012
Kyrgyzstan,99,23%,77,43%,130,7%,56,20%,2012
Tanzania,99,23%,55,49%,105,13%,114,8%,2012
Chad,102,23%,104,37%,86,19%,87,13%,2012
Mali,102,23%,38,55%,130,7%,125,7%,2012
North Macedonia,104,23%,99,39%,72,22%,125,7%,2012
Botswana,105,22%,63,46%,136,6%,78,15%,2012
Egypt,105,22%,58,47%,102,14%,131,6%,2012
Lithuania,105,22%,108,36%,80,20%,99,11%,2012
El Salvador,108,22%,92,40%,102,14%,93,12%,2012
Bangladesh,109,22%,84,42%,105,13%,104,10%,2012
Jordan,110,21%,71,44%,97,15%,135,5%,2012
Mozambique,111,21%,108,36%,115,10%,67,17%,2012
Ukraine,111,21%,108,36%,130,7%,56,20%,2012
Djibouti,113,21%,88,41%,105,13%,114,8%,2012
Singapore,114,20%,140,24%,53,29%,114,8%,2012
Kazakhstan,115,20%,124,30%,115,10%,56,20%,2012
Bosnia and Herzegovina,115,20%,124,30%,62,26%,138,4%,2012
Nepal,115,20%,138,25%,93,17%,64,18%,2012
Senegal,118,20%,51,50%,145,3%,131,6%,2012
Portugal,119,19%,129,29%,86,19%,104,10%,2012
Romania,119,19%,116,34%,80,20%,138,4%,2012
Armenia,119,19%,77,43%,136,6%,111,9%,2012
Niger,119,19%,58,47%,130,7%,138,4%,2012
Palestinian Territories,123,19%,104,37%,112,11%,114,8%,2012
Venezuela,123,19%,101,38%,115,10%,114,8%,2012
Algeria,125,18%,104,37%,112,11%,125,7%,2012
Morocco,126,18%,84,42%,136,6%,131,6%,2012
Russia,127,18%,129,29%,130,7%,67,17%,2012
Ecuador,128,17%,124,30%,102,14%,125,7%,2012
Georgia,128,17%,118,32%,145,3%,73,16%,2012
Burkina Faso,130,17%,108,36%,136,6%,114,8%,2012
Democratic Republic of the Congo,130,17%,120,31%,126,9%,104,10%,2012
Croatia,132,16%,132,28%,97,15%,131,6%,2012
India,133,16%,146,19%,86,19%,104,10%,2012
Benin,134,15%,116,34%,141,5%,125,7%,2012
Madagascar,134,15%,143,21%,126,9%,73,16%,2012
Yemen,134,15%,104,37%,141,5%,138,4%,2012
Bulgaria,137,15%,120,31%,115,10%,138,4%,2012
Serbia,137,15%,129,29%,105,13%,145,3%,2012
Turkey,137,15%,120,31%,115,10%,138,4%,2012
Burundi,140,14%,132,28%,141,5%,114,8%,2012
China,141,13%,136,26%,115,10%,138,4%,2012
Rwanda,141,13%,145,20%,112,11%,111,9%,2012
Togo,141,13%,143,21%,130,7%,93,12%,2012
Albania,144,13%,141,23%,126,9%,125,7%,2012
Greece,145,13%,124,30%,141,5%,145,3%,2012
Montenegro,145,13%,141,23%,115,10%,135,5%,2012
United States of America,1,61%,1,77%,13,62%,3,45%,2013
Canada,2,58%,13,64%,7,68%,6,42%,2013
Myanmar,2,58%,71,46%,1,85%,4,43%,2013
New Zealand,2,58%,6,67%,8,67%,8,40%,2013
Ireland,5,57%,13,64%,4,70%,11,37%,2013
United Kingdom,6,57%,9,65%,2,76%,26,29%,2013
Australia,7,55%,13,64%,8,67%,18,34%,2013
Netherlands,8,54%,25,57%,6,69%,11,37%,2013
Qatar,9,51%,2,73%,14,60%,60,19%,2013
Sri Lanka,10,48%,37,54%,30,45%,2,46%,2013
Norway,11,48%,42,53%,15,56%,16,35%,2013
Malta,12,47%,71,46%,3,72%,47,24%,2013
Switzerland,12,47%,37,54%,15,56%,20,32%,2013
State of Libya,14,46%,3,72%,54,29%,11,37%,2013
Austria,15,45%,26,56%,22,52%,30,28%,2013
Philippines,16,45%,20,60%,50,31%,4,43%,2013
Hong Kong,17,44%,30,55%,10,63%,82,15%,2013
Iceland,17,44%,76,45%,10,63%,41,25%,2013
Indonesia,17,44%,95,40%,10,63%,22,30%,2013
Nigeria,20,44%,8,66%,52,30%,14,36%,2013
Italy,21,44%,26,56%,24,50%,41,25%,2013
Germany,22,43%,26,56%,27,47%,34,27%,2013
Costa Rica,23,43%,9,65%,41,37%,34,27%,2013
Cyprus,24,43%,37,54%,27,47%,34,27%,2013
Denmark,25,42%,42,53%,18,54%,57,20%,2013
Somaliland (Region),26,42%,21,59%,25,49%,68,18%,2013
Turkmenistan,26,42%,42,53%,93,16%,1,57%,2013
Haiti,28,42%,83,44%,30,45%,14,36%,2013
Luxembourg,28,42%,83,44%,23,51%,22,30%,2013
Guatemala,30,41%,30,55%,54,29%,8,40%,2013
Colombia,31,41%,4,70%,54,29%,47,24%,2013
Israel,31,41%,58,49%,20,53%,54,21%,2013
Finland,33,40%,30,55%,37,39%,34,27%,2013
Kenya,33,40%,9,65%,58,28%,30,28%,2013
Afghanistan,35,40%,18,62%,33,41%,75,17%,2013
Chile,35,40%,42,53%,18,54%,90,13%,2013
Syria,35,40%,9,65%,35,40%,82,15%,2013
Thailand,38,40%,108,37%,4,70%,95,12%,2013
Dominican Republic,39,39%,23,58%,70,24%,16,35%,2013
Sweden,39,39%,47,51%,20,53%,90,13%,2013
Laos,41,39%,58,49%,27,47%,57,20%,2013
Mongolia,41,39%,64,48%,37,39%,26,29%,2013
Malawi,43,38%,26,56%,54,29%,22,30%,2013
Slovenia,44,38%,76,45%,43,35%,18,34%,2013
Paraguay,45,37%,98,39%,25,49%,47,24%,2013
Zambia,45,37%,16,63%,75,22%,34,27%,2013
Uruguay,47,37%,30,55%,35,40%,82,15%,2013
Panama,48,36%,83,44%,45,34%,21,31%,2013
Uganda,48,36%,19,61%,65,25%,51,23%,2013
Uzbekistan,50,36%,51,50%,84,20%,10,38%,2013
Tanzania,51,36%,58,49%,37,39%,60,19%,2013
Taiwan,52,35%,71,46%,33,41%,60,19%,2013
Pakistan,53,35%,47,51%,40,38%,82,15%,2013
Bolivia,54,34%,37,54%,65,25%,47,24%,2013
Honduras,55,34%,51,50%,72,23%,30,28%,2013
Nepal,55,34%,51,50%,65,25%,40,26%,2013
Belgium,57,33%,98,39%,43,35%,41,25%,2013
Saudi Arabia,57,33%,23,58%,60,27%,88,14%,2013
Senegal,57,33%,5,68%,93,16%,82,15%,2013
Spain,57,33%,51,50%,47,32%,75,17%,2013
Ghana,61,33%,51,50%,60,27%,54,21%,2013
Sudan,61,33%,16,63%,93,16%,60,19%,2013
Cameroon,63,32%,6,67%,87,17%,90,13%,2013
Tajikistan,64,32%,83,44%,110,11%,7,41%,2013
Singapore,64,32%,134,24%,17,55%,75,17%,2013
Kazakhstan,66,31%,64,48%,87,17%,26,29%,2013
Suriname,66,31%,66,47%,65,25%,53,22%,2013
Lebanon,68,30%,51,50%,47,32%,113,8%,2013
Azerbaijan,69,30%,83,44%,87,17%,30,28%,2013
South Africa,69,30%,37,54%,100,14%,54,21%,2013
Malaysia,71,29%,120,33%,42,36%,60,19%,2013
Portugal,71,29%,76,45%,60,27%,81,16%,2013
Kyrgyzstan,73,29%,66,47%,96,15%,41,25%,2013
Guinea,74,29%,47,51%,87,17%,68,18%,2013
Peru,74,29%,76,45%,80,21%,57,20%,2013
Mexico,76,28%,101,38%,75,22%,41,25%,2013
France,77,28%,114,35%,70,24%,41,25%,2013
Argentina,78,28%,71,46%,84,20%,75,17%,2013
Gabon,78,28%,21,59%,108,12%,95,12%,2013
Hungary,78,28%,46,52%,80,21%,107,10%,2013
Kosovo,78,28%,76,45%,52,30%,113,8%,2013
Nicaragua,82,27%,95,40%,65,25%,75,17%,2013
Zimbabwe,82,27%,58,49%,115,10%,51,23%,2013
Botswana,84,27%,47,51%,110,11%,60,19%,2013
Comoros,84,27%,30,55%,122,8%,68,18%,2013
Ecuador,84,27%,76,45%,80,21%,82,15%,2013
Poland,84,27%,108,37%,47,32%,95,12%,2013
Moldova,88,27%,98,39%,75,22%,60,19%,2013
Bangladesh,89,26%,58,49%,87,17%,90,13%,2013
Iraq,89,26%,90,42%,64,26%,102,11%,2013
Brazil,91,26%,90,42%,72,23%,90,13%,2013
Venezuela,91,26%,76,45%,100,14%,60,19%,2013
Belarus,93,25%,116,34%,110,11%,22,30%,2013
Cambodia,93,25%,135,21%,30,45%,111,9%,2013
Chad,93,25%,51,50%,102,13%,95,12%,2013
Estonia,93,25%,95,40%,87,17%,68,18%,2013
India,93,25%,129,29%,58,28%,68,18%,2013
Latvia,93,25%,114,35%,50,31%,111,9%,2013
Mauritania,93,25%,90,42%,80,21%,95,12%,2013
Congo Brazzaville,93,25%,30,55%,115,10%,107,10%,2013
Slovakia,101,25%,126,30%,46,33%,102,11%,2013
Ukraine,102,24%,112,36%,122,8%,26,29%,2013
Czech Republic,103,23%,116,34%,75,22%,88,14%,2013
Tunisia,103,23%,30,55%,110,11%,131,4%,2013
Egypt,105,23%,66,47%,96,15%,121,7%,2013
Romania,105,23%,101,38%,72,23%,113,8%,2013
El Salvador,107,22%,101,38%,110,11%,68,18%,2013
Niger,108,22%,58,49%,130,6%,102,11%,2013
Algeria,109,21%,83,44%,108,12%,113,8%,2013
Bosnia and Herzegovina,109,21%,120,33%,60,27%,131,4%,2013
Burkina Faso,109,21%,71,46%,115,10%,113,8%,2013
Ethiopia,109,21%,89,43%,115,10%,102,11%,2013
Armenia,113,21%,66,47%,129,7%,113,8%,2013
Madagascar,113,21%,132,25%,115,10%,34,27%,2013
Morocco,115,20%,66,47%,130,6%,121,7%,2013
Georgia,116,20%,101,38%,135,3%,68,18%,2013
Vietnam,116,20%,101,38%,102,13%,113,8%,2013
Bulgaria,118,19%,112,36%,96,15%,121,7%,2013
North Macedonia,118,19%,129,29%,75,22%,121,7%,2013
Benin,120,19%,108,37%,122,8%,95,12%,2013
Jordan,120,19%,101,38%,102,13%,127,6%,2013
Lithuania,120,19%,108,37%,122,8%,95,12%,2013
Mali,123,19%,90,42%,122,8%,127,6%,2013
Russia,123,19%,120,33%,130,6%,75,17%,2013
Serbia,123,19%,124,31%,86,18%,121,7%,2013
Montenegro,126,18%,116,34%,102,13%,113,8%,2013
Palestinian Territory,127,18%,101,38%,122,8%,121,7%,2013
Rwanda,128,17%,131,27%,96,15%,107,10%,2013
Turkey,128,17%,116,34%,102,13%,130,5%,2013
Yemen,130,17%,94,41%,134,5%,131,4%,2013
Democratic Republic of the Congo,131,16%,126,30%,122,8%,102,11%,2013
Albania,132,16%,132,25%,102,13%,107,10%,2013
China,133,16%,120,33%,115,10%,131,4%,2013
Croatia,133,16%,124,31%,115,10%,127,6%,2013
Greece,135,13%,126,30%,130,6%,131,4%,2013
Myanmar,1,64%,63,49%,1,91%,2,51%,2014
United States of America,1,64%,1,79%,9,68%,5,44%,2014
Canada,3,60%,11,66%,6,71%,5,44%,2014
Ireland,4,60%,15,64%,4,74%,10,41%,2014
New Zealand,5,58%,7,69%,13,62%,5,44%,2014
Australia,6,56%,12,65%,10,66%,16,37%,2014
Malaysia,7,55%,19,63%,15,60%,10,41%,2014
United Kingdom,7,55%,24,61%,4,74%,33,29%,2014
Sri Lanka,9,54%,40,56%,17,56%,3,50%,2014
Trinidad and Tobago,10,54%,2,75%,21,49%,16,37%,2014
Bhutan,11,53%,46,54%,12,63%,9,43%,2014
Netherlands,12,53%,46,54%,7,70%,21,34%,2014
Indonesia,13,51%,67,48%,10,66%,13,40%,2014
Iceland,14,50%,52,52%,7,70%,33,29%,2014
Kenya,15,49%,10,67%,24,43%,16,37%,2014
Malta,16,49%,86,43%,2,78%,46,25%,2014
Austria,17,48%,35,57%,16,57%,33,29%,2014
Denmark,18,47%,44,55%,13,62%,52,23%,2014
Iran,19,46%,22,62%,20,52%,50,24%,2014
Jamaica,20,45%,4,73%,58,26%,20,35%,2014
Nigeria,21,44%,19,63%,50,29%,10,41%,2014
Thailand,21,44%,106,38%,3,77%,70,18%,2014
Cyprus,23,43%,29,58%,22,47%,46,25%,2014
Turkmenistan,23,43%,40,56%,75,21%,1,53%,2014
Finland,25,43%,46,54%,24,43%,25,32%,2014
Guatemala,25,43%,29,58%,47,31%,13,40%,2014
Dominican Republic,27,42%,24,61%,41,33%,25,32%,2014
Germany,28,42%,29,58%,27,42%,46,25%,2014
Uzbekistan,28,42%,29,58%,75,21%,4,46%,2014
Philippines,30,41%,35,57%,56,27%,15,38%,2014
Syria,30,41%,12,65%,37,36%,60,21%,2014
Israel,32,40%,98,40%,19,53%,39,28%,2014
Mongolia,32,40%,86,43%,27,42%,19,36%,2014
Costa Rica,34,40%,15,64%,38,34%,55,22%,2014
Slovenia,34,40%,72,47%,29,41%,25,32%,2014
South Africa,34,40%,15,64%,68,23%,23,33%,2014
Tajikistan,34,40%,56,51%,61,25%,5,44%,2014
Uganda,34,40%,9,68%,71,22%,30,30%,2014
Northern Cyprus,39,40%,12,65%,31,40%,90,14%,2014
Guinea,40,39%,22,62%,58,26%,30,30%,2014
Haiti,40,39%,78,45%,23,44%,33,29%,2014
Sweden,40,39%,56,51%,18,55%,104,12%,2014
Iraq,43,39%,2,75%,62,24%,70,18%,2014
Nepal,44,38%,52,52%,38,34%,33,29%,2014
Liberia,45,38%,4,73%,130,7%,21,34%,2014
Panama,46,38%,78,45%,35,37%,29,31%,2014
Saudi Arabia,47,37%,7,69%,47,31%,107,11%,2014
Taiwan,47,37%,62,50%,31,40%,60,21%,2014
Zambia,47,37%,6,71%,120,10%,30,30%,2014
Chile,50,36%,56,51%,24,43%,83,15%,2014
Kosovo,50,36%,35,57%,34,39%,96,13%,2014
Belgium,52,36%,86,43%,29,41%,50,24%,2014
Colombia,53,35%,24,61%,62,24%,65,20%,2014
Ghana,54,34%,24,61%,93,16%,43,26%,2014
Sierra Leone,55,34%,19,63%,120,10%,33,29%,2014
Malawi,56,34%,29,58%,83,20%,52,23%,2014
Bolivia,57,33%,46,54%,83,20%,43,26%,2014
Cameroon,58,33%,15,64%,87,17%,70,18%,2014
Honduras,58,33%,76,46%,75,21%,25,32%,2014
South Korea,60,33%,86,43%,41,33%,55,22%,2014
Pakistan,61,32%,67,48%,45,32%,78,16%,2014
Botswana,62,32%,44,55%,87,17%,52,23%,2014
Spain,62,32%,51,53%,56,27%,83,15%,2014
Uruguay,62,32%,56,51%,50,29%,83,15%,2014
Lebanon,65,31%,63,49%,45,32%,104,12%,2014
Luxembourg,65,31%,126,31%,31,40%,55,22%,2014
Nicaragua,67,30%,86,43%,52,28%,65,20%,2014
Paraguay,68,30%,92,41%,38,34%,90,14%,2014
CÔte d’Ivoire,69,29%,28,60%,85,19%,114,9%,2014
Gabon,69,29%,29,58%,87,17%,96,13%,2014
India,69,29%,103,39%,52,28%,60,21%,2014
Bangladesh,72,29%,46,54%,85,19%,90,14%,2014
Ethiopia,72,29%,52,52%,101,14%,60,21%,2014
Hungary,72,29%,56,51%,62,24%,104,12%,2014
Peru,72,29%,78,45%,68,23%,68,19%,2014
North Macedonia,72,29%,98,40%,41,33%,90,14%,2014
Argentina,77,29%,63,49%,71,22%,83,15%,2014
Portugal,78,28%,76,46%,62,24%,83,15%,2014
Afghanistan,79,28%,78,45%,62,24%,83,15%,2014
Italy,79,28%,72,47%,52,28%,114,9%,2014
Senegal,79,28%,35,57%,101,14%,96,13%,2014
Vietnam,79,28%,52,52%,71,22%,108,10%,2014
Belarus,83,28%,118,35%,97,15%,23,33%,2014
Kyrgyzstan,83,28%,92,41%,101,14%,39,28%,2014
Albania,85,27%,40,56%,87,17%,114,9%,2014
Mexico,85,27%,83,44%,93,16%,55,22%,2014
Azerbaijan,87,27%,92,41%,101,14%,46,25%,2014
Tanzania,87,27%,83,44%,68,23%,96,13%,2014
Latvia,89,26%,106,38%,52,28%,96,13%,2014
Brazil,90,26%,98,40%,71,22%,78,16%,2014
Burkina Faso,90,26%,72,47%,97,15%,78,16%,2014
France,90,26%,129,30%,58,26%,55,22%,2014
Japan,90,26%,134,26%,62,24%,39,28%,2014
Slovakia,94,26%,124,32%,49,30%,83,15%,2014
Zimbabwe,94,26%,67,48%,123,9%,65,20%,2014
Angola,96,25%,92,41%,87,17%,78,16%,2014
El Salvador,96,25%,92,41%,112,12%,60,21%,2014
Moldova,96,25%,113,36%,75,21%,76,17%,2014
Jordan,99,24%,67,48%,87,17%,122,8%,2014
Congo Brazzaville,99,24%,72,47%,107,13%,96,13%,2014
Kazakhstan,101,24%,92,41%,112,12%,68,19%,2014
Niger,102,24%,35,57%,132,5%,114,9%,2014
Benin,103,23%,63,49%,118,11%,108,10%,2014
Bosnia and Herzegovina,103,23%,126,31%,41,33%,129,6%,2014
Estonia,103,23%,113,36%,93,16%,70,18%,2014
Ukraine,103,23%,118,35%,123,9%,43,26%,2014
Nagorno-Karabakh Region,103,23%,56,51%,123,9%,108,10%,2014
Cambodia,108,23%,135,22%,35,37%,108,10%,2014
Romania,108,23%,98,40%,75,21%,122,8%,2014
Madagascar,110,22%,133,27%,107,13%,42,27%,2014
Rwanda,110,22%,110,37%,107,13%,76,17%,2014
Czech Republic,112,22%,126,31%,75,21%,90,14%,2014
Democratic Republic of the Congo,112,22%,110,37%,107,13%,78,16%,2014
Morocco,112,22%,40,56%,132,5%,132,5%,2014
Chad,115,22%,103,39%,112,12%,90,14%,2014
Mauritania,115,22%,113,36%,93,16%,96,13%,2014
Poland,115,22%,118,35%,75,21%,114,9%,2014
Mali,118,21%,78,45%,112,12%,125,7%,2014
Lithuania,119,21%,106,38%,112,12%,96,13%,2014
Egypt,120,21%,98,40%,97,15%,125,7%,2014
Greece,120,21%,86,43%,123,9%,108,10%,2014
Tunisia,120,21%,67,48%,128,8%,129,6%,2014
Georgia,123,20%,103,39%,134,4%,70,18%,2014
Armenia,124,20%,83,44%,123,9%,125,7%,2014
Serbia,124,20%,118,35%,75,21%,134,4%,2014
Bulgaria,126,19%,110,37%,101,14%,125,7%,2014
Russia,126,19%,122,34%,131,6%,70,18%,2014
China,128,18%,113,36%,107,13%,129,6%,2014
Turkey,128,18%,106,38%,112,12%,132,5%,2014
Croatia,130,18%,131,29%,101,14%,108,10%,2014
Montenegro,130,18%,131,29%,97,15%,114,9%,2014
Ecuador,132,17%,124,32%,118,11%,114,9%,2014
Palestinian Territory,133,17%,123,33%,128,8%,114,9%,2014
Venezuela,134,16%,129,30%,120,10%,122,8%,2014
Yemen,135,14%,113,36%,134,4%,135,3%,2014
Myanmar,1,66%,47,55%,1,92%,1,50%,2015
United States of America,2,61%,3,76%,12,63%,6,44%,2015
New Zealand,3,61%,22,65%,6,73%,4,45%,2015
Canada,4,60%,14,69%,10,67%,5,44%,2015
Australia,5,59%,21,66%,7,72%,12,40%,2015
United Kingdom,6,57%,25,63%,4,75%,28,32%,2015
Netherlands,7,56%,41,59%,5,73%,18,36%,2015
Sri Lanka,8,56%,33,60%,16,59%,2,48%,2015
Ireland,9,56%,37,59%,8,67%,11,41%,2015
Malaysia,10,52%,27,62%,17,58%,17,37%,2015
Kenya,11,52%,6,74%,45,39%,8,43%,2015
Malta,12,51%,73,50%,3,78%,46,26%,2015
Bahrain,13,51%,11,71%,27,51%,35,30%,2015
United Arab Emirates,14,50%,15,69%,15,59%,60,22%,2015
Norway,15,49%,45,55%,14,60%,32,32%,2015
Guatemala,16,49%,17,68%,48,38%,10,41%,2015
Bhutan,17,49%,58,53%,22,55%,13,38%,2015
Kyrgyzstan,18,49%,60,53%,19,57%,19,36%,2015
Thailand,19,48%,90,44%,2,87%,98,14%,2015
Germany,20,47%,30,61%,30,49%,30,32%,2015
Jamaica,21,47%,5,76%,74,28%,14,38%,2015
Indonesia,22,46%,123,35%,9,67%,15,38%,2015
Austria,23,46%,46,55%,25,52%,31,32%,2015
Kuwait,24,46%,7,74%,31,48%,92,15%,2015
Liberia,25,45%,2,78%,123,11%,3,46%,2015
Hong Kong,26,45%,43,57%,11,63%,90,15%,2015
Uzbekistan,27,44%,38,59%,62,31%,7,43%,2015
Sweden,28,44%,51,55%,13,60%,84,17%,2015
Puerto Rico,29,44%,20,67%,44,39%,49,26%,2015
Northern Cyprus,30,43%,32,60%,38,43%,45,26%,2015
Finland,31,43%,36,60%,43,39%,34,30%,2015
Iran,32,43%,69,50%,23,54%,55,24%,2015
Luxembourg,33,43%,108,38%,21,56%,22,34%,2015
Singapore,34,43%,89,44%,18,57%,42,27%,2015
Taiwan,35,43%,40,59%,29,49%,69,20%,2015
Costa Rica,36,43%,19,67%,56,34%,39,27%,2015
Slovenia,37,42%,71,50%,40,42%,21,35%,2015
Iraq,38,42%,1,79%,69,29%,79,18%,2015
Denmark,39,42%,61,53%,26,52%,62,21%,2015
Switzerland,40,42%,64,51%,32,48%,43,27%,2015
Dominican Republic,41,42%,28,62%,66,29%,20,35%,2015
Cyprus,42,42%,42,58%,39,43%,52,25%,2015
Nigeria,43,42%,16,68%,79,25%,29,32%,2015
Malawi,44,42%,8,73%,102,18%,26,33%,2015
Mauritius,45,41%,106,39%,28,51%,24,34%,2015
Philippines,46,40%,49,55%,82,24%,9,42%,2015
Saudi Arabia,47,40%,9,73%,59,32%,89,15%,2015
Belgium,48,40%,53,54%,42,40%,50,26%,2015
Chile,49,40%,82,47%,20,56%,88,16%,2015
South Africa,49,40%,10,73%,101,19%,38,28%,2015
Zambia,51,39%,13,69%,98,20%,37,29%,2015
Mongolia,52,39%,103,39%,37,44%,23,34%,2015
Panama,53,39%,76,49%,50,36%,33,31%,2015
Sierra Leone,54,38%,12,70%,95,20%,53,25%,2015
Botswana,55,38%,23,65%,91,22%,48,26%,2015
Kazakhstan,56,37%,68,51%,51,35%,51,25%,2015
Uganda,57,37%,18,67%,105,18%,54,24%,2015
Spain,58,36%,52,54%,52,35%,71,20%,2015
Haiti,59,36%,101,40%,36,44%,56,24%,2015
Honduras,60,36%,70,50%,79,25%,27,33%,2015
Namibia,61,36%,4,76%,128,10%,64,21%,2015
Croatia,62,36%,93,43%,33,47%,81,17%,2015
Ghana,63,35%,44,56%,89,23%,40,27%,2015
South Korea,64,35%,74,50%,55,34%,63,21%,2015
Bolivia,65,35%,54,54%,70,28%,59,22%,2015
Colombia,66,35%,26,63%,90,22%,74,20%,2015
Sudan,67,35%,24,65%,112,15%,58,23%,2015
South Sudan,68,34%,35,60%,100,19%,57,24%,2015
Nicaragua,69,34%,81,47%,53,35%,72,20%,2015
Belize,70,33%,84,46%,71,28%,47,26%,2015
Turkmenistan,71,33%,85,45%,57,33%,66,21%,2015
Italy,72,33%,75,50%,58,32%,83,17%,2015
Tajikistan,73,33%,97,41%,99,19%,16,37%,2015
France,74,32%,102,39%,76,27%,36,30%,2015
Israel,75,32%,139,27%,34,47%,68,21%,2015
Nepal,76,32%,112,37%,63,30%,41,27%,2015
Uruguay,77,31%,72,50%,78,26%,80,18%,2015
Poland,78,31%,67,51%,65,29%,100,13%,2015
Vietnam,79,31%,57,53%,81,25%,95,14%,2015
Guinea,80,31%,55,54%,107,18%,72,20%,2015
Tanzania,81,30%,77,49%,68,29%,102,13%,2015
Portugal,82,30%,66,51%,85,24%,91,15%,2015
Albania,83,30%,59,53%,77,27%,122,9%,2015
Afghanistan,84,30%,63,51%,72,28%,120,9%,2015
Senegal,85,30%,34,60%,113,15%,97,14%,2015
North Macedonia,86,30%,86,45%,54,35%,127,9%,2015
Zimbabwe,87,29%,49,55%,121,12%,67,21%,2015
Bosnia and Herzegovina,88,29%,140,26%,24,53%,131,8%,2015
Ukraine,89,29%,122,35%,47,38%,103,13%,2015
Mexico,90,29%,88,44%,88,23%,78,18%,2015
Congo Brazzaville,91,28%,31,61%,126,11%,96,14%,2015
Cameroon,92,28%,39,59%,116,14%,106,12%,2015
Romania,93,28%,56,54%,84,24%,137,7%,2015
Pakistan,94,28%,121,36%,49,36%,107,12%,2015
Bangladesh,95,27%,29,62%,125,11%,118,10%,2015
Lebanon,96,27%,91,43%,60,31%,129,8%,2015
Ethiopia,97,27%,87,44%,86,23%,101,13%,2015
Montenegro,98,27%,134,30%,41,42%,134,7%,2015
Estonia,99,26%,104,39%,92,21%,77,19%,2015
Cambodia,100,26%,141,25%,35,45%,126,9%,2015
Madagascar,101,26%,132,32%,120,13%,25,34%,2015
Japan,102,26%,137,28%,83,24%,44,26%,2015
Belarus,103,26%,126,34%,73,28%,86,16%,2015
Burkina Faso,104,25%,79,48%,109,16%,110,11%,2015
Brazil,105,25%,99,41%,97,20%,99,13%,2015
India,106,25%,116,37%,96,20%,82,17%,2015
Cote d'Ivoire,107,25%,62,52%,114,14%,130,8%,2015
Argentina,108,25%,92,43%,104,18%,105,12%,2015
Mauritania,109,24%,127,33%,103,18%,61,22%,2015
Latvia,110,24%,128,33%,61,31%,125,9%,2015
Gabon,111,24%,65,51%,122,12%,119,10%,2015
Egypt,112,23%,80,47%,111,16%,135,7%,2015
Georgia,112,23%,96,42%,140,7%,65,21%,2015
Peru,114,23%,109,38%,110,16%,87,16%,2015
Bulgaria,115,23%,111,38%,75,27%,143,4%,2015
Kosovo,116,23%,136,28%,67,29%,107,12%,2015
El Salvador,117,23%,94,43%,137,8%,76,19%,2015
Jordan,118,23%,83,46%,106,18%,142,5%,2015
Serbia,118,23%,143,24%,46,38%,138,6%,2015
Moldova,120,23%,120,36%,108,17%,94,14%,2015
Mali,121,22%,78,48%,117,14%,140,5%,2015
Azerbaijan,122,22%,117,36%,127,10%,70,20%,2015
Slovakia,123,22%,131,32%,87,23%,113,11%,2015
Hungary,124,22%,124,35%,93,20%,114,11%,2015
Paraguay,125,22%,142,25%,64,29%,116,10%,2015
Morocco,126,21%,48,55%,145,3%,141,5%,2015
Democratic Republic of the Congo,127,21%,125,34%,119,13%,93,14%,2015
Venezuela,128,20%,105,39%,124,11%,111,11%,2015
Russia,129,20%,130,32%,133,9%,75,19%,2015
Czech Republic,130,20%,138,27%,94,20%,104,13%,2015
Ecuador,131,20%,119,36%,118,13%,115,10%,2015
Benin,132,19%,113,37%,130,10%,112,11%,2015
Togo,133,19%,95,43%,141,6%,124,9%,2015
Angola,134,19%,135,30%,129,10%,85,17%,2015
Niger,135,19%,107,39%,135,8%,123,9%,2015
Chad,136,19%,114,37%,132,10%,121,9%,2015
Rwanda,137,19%,133,30%,115,14%,109,11%,2015
Armenia,138,19%,98,41%,138,7%,136,7%,2015
Tunisia,139,17%,100,41%,142,6%,139,6%,2015
Greece,140,17%,110,38%,139,7%,132,7%,2015
Palestinian Territory,141,17%,118,36%,134,9%,133,7%,2015
Lithuania,142,17%,129,33%,131,10%,128,8%,2015
Yemen,143,15%,115,37%,144,5%,145,3%,2015
China,144,12%,144,23%,136,8%,144,4%,2015
Burundi,145,11%,145,16%,143,5%,117,10%,2015
Myanmar,1,70%,27,63%,1,91%,2,55%,2016
United States of America,2,61%,9,73%,13,63%,5,46%,2016
Australia,3,60%,14,68%,3,73%,11,40%,2016
New Zealand,4,59%,31,61%,5,71%,6,44%,2016
Sri Lanka,5,57%,36,61%,17,61%,4,49%,2016
Canada,6,56%,20,65%,11,65%,14,38%,2016
Indonesia,7,56%,104,43%,2,75%,3,50%,2016
United Kingdom,8,54%,33,61%,7,69%,22,33%,2016
Ireland,9,54%,47,56%,10,66%,10,40%,2016
United Arab Emirates,10,53%,5,75%,14,63%,61,21%,2016
Uzbekistan,11,52%,16,67%,16,62%,40,27%,2016
Kenya,12,52%,13,70%,35,44%,8,42%,2016
Netherlands,13,52%,49,55%,9,66%,21,33%,2016
Norway,14,50%,72,52%,8,67%,26,31%,2016
Turkmenistan,15,50%,81,49%,41,40%,1,60%,2016
Malta,16,49%,86,47%,4,73%,36,28%,2016
Iceland,17,49%,73,52%,6,70%,45,26%,2016
Bhutan,18,49%,74,52%,22,56%,13,39%,2016
Kuwait,19,48%,3,78%,30,48%,83,17%,2016
Denmark,20,47%,57,54%,15,62%,53,23%,2016
Germany,21,47%,56,55%,20,58%,39,27%,2016
Malaysia,22,46%,84,48%,21,57%,20,33%,2016
Switzerland,23,46%,62,53%,23,53%,28,31%,2016
Finland,24,46%,50,55%,25,50%,27,31%,2016
Sweden,25,45%,43,59%,18,61%,98,15%,2016
Uganda,26,44%,11,72%,56,31%,29,31%,2016
Mongolia,27,44%,92,46%,32,46%,12,39%,2016
Singapore,28,44%,79,50%,19,58%,54,23%,2016
Guatemala,29,43%,29,62%,52,32%,16,36%,2016
Austria,30,43%,70,52%,26,50%,42,26%,2016
Iraq,31,43%,1,81%,57,30%,89,17%,2016
Belgium,32,43%,59,54%,33,46%,37,28%,2016
Panama,33,43%,37,60%,45,35%,23,32%,2016
Kyrgyzstan,34,42%,54,55%,36,43%,33,29%,2016
Cyprus,35,42%,67,53%,28,49%,46,25%,2016
Dominican Republic,36,42%,22,64%,74,25%,15,37%,2016
Thailand,37,42%,98,44%,12,63%,84,17%,2016
Malawi,38,42%,6,74%,103,18%,24,32%,2016
Nepal,39,42%,94,46%,37,42%,17,36%,2016
Slovenia,40,41%,75,52%,44,38%,19,34%,2016
Saudi Arabia,41,41%,10,73%,46,35%,96,15%,2016
Northern Cyprus,42,41%,42,59%,40,40%,51,23%,2016
Israel,43,41%,80,49%,27,49%,49,24%,2016
State of Libya,44,41%,2,79%,77,25%,77,18%,2016
Iran,45,41%,66,53%,29,48%,65,21%,2016
Sierra Leone,46,40%,8,73%,97,20%,37,28%,2016
Philippines,47,40%,52,55%,88,21%,7,42%,2016
South Sudan,48,39%,41,59%,63,28%,30,31%,2016
Luxembourg,49,39%,126,35%,24,51%,25,31%,2016
Taiwan,50,39%,45,58%,38,42%,82,17%,2016
Cameroon,51,39%,18,67%,70,26%,48,24%,2016
Liberia,52,38%,12,72%,130,9%,18,34%,2016
Haiti,53,38%,105,42%,31,47%,44,26%,2016
Botswana,54,38%,7,73%,93,21%,63,21%,2016
Chile,55,38%,39,59%,43,39%,93,16%,2016
Nigeria,56,38%,15,68%,91,21%,47,25%,2016
Tanzania,57,37%,23,64%,49,33%,94,15%,2016
Somalia,58,37%,4,77%,115,14%,66,21%,2016
Uruguay,58,37%,35,61%,58,30%,62,21%,2016
Kosovo,60,37%,63,53%,34,46%,111,12%,2016
South Africa,61,37%,19,65%,107,18%,35,28%,2016
Costa Rica,62,37%,32,61%,65,27%,56,23%,2016
Zambia,63,36%,17,67%,111,17%,50,24%,2016
Vietnam,64,36%,55,55%,48,34%,75,19%,2016
Peru,65,36%,38,60%,90,21%,41,26%,2016
Syria,66,36%,30,62%,69,26%,69,20%,2016
Mozambique,67,35%,65,53%,84,23%,31,30%,2016
Brazil,68,34%,60,54%,59,30%,79,18%,2016
Guinea,69,34%,26,64%,106,18%,68,20%,2016
Bolivia,70,33%,53,55%,78,24%,64,21%,2016
Jordan,71,33%,21,65%,79,24%,119,11%,2016
Burkina Faso,72,33%,28,63%,110,17%,71,19%,2016
Colombia,73,33%,43,59%,89,21%,72,19%,2016
Honduras,74,33%,102,43%,117,14%,9,41%,2016
South Korea,75,33%,93,46%,46,35%,80,18%,2016
Nicaragua,76,33%,107,42%,51,32%,51,23%,2016
Ghana,77,33%,69,52%,99,19%,43,26%,2016
Afghanistan,78,32%,51,55%,71,26%,100,15%,2016
Spain,79,32%,85,48%,55,31%,85,17%,2016
Lebanon,80,31%,108,42%,42,39%,123,10%,2016
France,81,31%,116,37%,75,25%,32,29%,2016
Italy,82,30%,101,43%,50,32%,95,15%,2016
Argentina,83,30%,68,53%,108,17%,67,20%,2016
Ethiopia,84,30%,97,45%,64,27%,78,18%,2016
Congo Brazzaville,85,30%,25,64%,124,11%,97,15%,2016
El Salvador,85,30%,77,50%,122,11%,34,28%,2016
Tajikistan,87,30%,82,49%,87,22%,73,19%,2016
Mauritania,88,29%,118,37%,60,29%,58,22%,2016
Gabon,89,29%,24,64%,120,12%,112,12%,2016
Portugal,90,29%,78,50%,95,20%,90,17%,2016
India,91,29%,103,43%,86,22%,60,21%,2016
Pakistan,92,29%,99,44%,53,31%,120,11%,2016
Romania,93,28%,46,57%,92,21%,133,7%,2016
Bangladesh,94,28%,47,56%,116,14%,102,14%,2016
Senegal,95,28%,34,61%,132,9%,108,13%,2016
Kazakhstan,96,27%,115,38%,54,31%,105,14%,2016
Ecuador,97,27%,88,47%,102,18%,91,16%,2016
Cambodia,98,27%,139,25%,39,42%,99,15%,2016
Mali,99,27%,40,59%,126,11%,122,10%,2016
Belarus,100,27%,127,34%,80,24%,59,22%,2016
Paraguay,101,27%,133,32%,61,29%,70,19%,2016
Benin,102,27%,96,45%,112,17%,81,18%,2016
Togo,103,26%,64,53%,134,8%,74,19%,2016
Cote d'Ivoire,104,26%,58,54%,109,17%,131,7%,2016
Albania,105,26%,95,46%,85,22%,114,11%,2016
Ukraine,106,26%,119,36%,68,26%,92,16%,2016
Mexico,107,26%,90,47%,105,18%,109,13%,2016
Zimbabwe,108,25%,71,52%,136,8%,86,17%,2016
Poland,109,25%,109,42%,67,26%,128,9%,2016
Moldova,110,24%,117,37%,98,20%,88,17%,2016
Chad,111,24%,83,48%,118,14%,116,11%,2016
Egypt,112,24%,86,47%,96,20%,140,4%,2016
Latvia,113,24%,131,33%,62,28%,121,11%,2016
Japan,114,24%,138,25%,83,23%,55,23%,2016
Niger,115,24%,91,47%,127,10%,101,14%,2016
Rwanda,116,23%,120,36%,100,19%,104,14%,2016
Venezuela,117,23%,113,40%,114,15%,106,13%,2016
Estonia,118,23%,122,35%,94,20%,107,13%,2016
North Macedonia,119,23%,125,35%,66,26%,132,7%,2016
Georgia,120,23%,111,40%,128,10%,76,18%,2016
Czech Republic,121,23%,134,31%,82,23%,103,14%,2016
Tunisia,122,23%,76,51%,137,6%,118,11%,2016
Morocco,123,22%,61,54%,140,4%,125,9%,2016
Lithuania,124,22%,100,44%,124,11%,115,11%,2016
Slovakia,124,22%,132,32%,81,23%,117,11%,2016
Russia,126,22%,121,35%,104,18%,113,12%,2016
Croatia,127,22%,135,30%,73,25%,124,10%,2016
Bosnia and Herzegovina,128,21%,123,35%,76,25%,139,4%,2016
Bulgaria,129,21%,106,42%,119,13%,134,7%,2016
Armenia,130,21%,89,47%,129,9%,136,6%,2016
Azerbaijan,131,21%,130,33%,121,12%,87,17%,2016
Madagascar,132,20%,137,28%,123,11%,57,22%,2016
Montenegro,133,20%,124,35%,101,18%,130,8%,2016
Hungary,134,20%,128,34%,113,16%,127,9%,2016
Serbia,135,20%,136,28%,72,25%,137,5%,2016
Democratic Republic of the Congo,136,19%,114,38%,135,8%,110,12%,2016
Greece,137,19%,112,40%,131,9%,129,8%,2016
Yemen,138,17%,110,41%,139,5%,135,6%,2016
Palestinian Territories,139,17%,129,34%,133,8%,126,9%,2016
China,140,11%,140,24%,138,6%,138,4%,2016
Myanmar,1,65%,57,53%,1,91%,3,51%,2017
Indonesia,2,60%,76,47%,2,79%,1,55%,2017
Kenya,3,60%,4,76%,20,52%,2,51%,2017
New Zealand,4,57%,21,65%,6,65%,6,41%,2017
United States of America,5,56%,7,73%,13,56%,7,41%,2017
Australia,6,56%,19,66%,9,63%,10,40%,2017
Canada,7,54%,16,67%,10,61%,16,35%,2017
Ireland,8,53%,26,61%,11,60%,11,39%,2017
United Arab Emirates,9,51%,11,71%,17,55%,35,27%,2017
Netherlands,10,51%,65,51%,7,64%,15,36%,2017
United Kingdom,11,50%,38,58%,8,64%,30,28%,2017
Sierra Leone,12,49%,1,81%,71,26%,8,41%,2017
Malta,13,48%,86,45%,3,73%,36,26%,2017
Liberia,14,46%,5,75%,99,18%,4,46%,2017
Iceland,15,46%,91,44%,4,68%,38,26%,2017
Thailand,16,46%,64,51%,5,68%,70,19%,2017
Iran,17,45%,27,61%,23,50%,40,25%,2017
Zambia,18,45%,13,69%,45,33%,19,33%,2017
Germany,19,45%,39,58%,14,55%,56,22%,2017
Norway,20,45%,75,49%,15,55%,26,30%,2017
Denmark,21,44%,40,57%,18,54%,58,21%,2017
Uganda,22,44%,8,73%,53,31%,28,29%,2017
Ghana,23,43%,29,60%,48,32%,13,37%,2017
South Africa,24,43%,9,72%,80,23%,18,33%,2017
Hong Kong,25,43%,31,59%,21,51%,79,17%,2017
Austria,26,42%,63,51%,24,48%,33,28%,2017
Mauritius,27,42%,111,39%,26,48%,9,40%,2017
Nigeria,28,42%,14,69%,66,28%,29,29%,2017
Mongolia,29,42%,71,49%,34,38%,12,37%,2017
Singapore,30,41%,103,41%,12,58%,41,25%,2017
Kuwait,31,41%,6,74%,44,33%,82,17%,2017
Dominican Republic,32,41%,20,65%,78,24%,17,34%,2017
Switzerland,33,41%,109,39%,22,51%,20,33%,2017
Sweden,34,41%,56,53%,16,55%,96,14%,2017
Israel,35,41%,93,44%,19,53%,43,25%,2017
Malawi,36,40%,12,69%,97,19%,22,32%,2017
Finland,37,40%,47,55%,35,37%,32,28%,2017
Uzbekistan,38,40%,46,55%,27,46%,75,18%,2017
Iraq,39,39%,2,78%,75,24%,86,16%,2017
Honduras,40,39%,51,54%,50,32%,21,32%,2017
Guatemala,41,39%,37,58%,65,28%,25,31%,2017
Libya,42,39%,3,77%,94,20%,64,20%,2017
Costa Rica,43,38%,24,63%,57,30%,54,22%,2017
Luxembourg,44,38%,116,37%,25,48%,31,28%,2017
Cyprus,45,38%,48,54%,41,34%,45,24%,2017
Northern Cyprus,46,37%,55,53%,38,36%,50,23%,2017
Somalia,47,37%,15,68%,93,20%,47,24%,2017
Saudi Arabia,48,37%,10,71%,72,26%,100,14%,2017
Chile,49,37%,68,51%,29,45%,99,14%,2017
Tajikistan,50,36%,84,45%,89,21%,5,44%,2017
Nepal,51,36%,92,44%,37,36%,27,29%,2017
Taiwan,52,36%,53,54%,39,35%,69,19%,2017
Ecuador,53,36%,42,56%,67,28%,49,23%,2017
Philippines,54,36%,66,51%,95,20%,14,36%,2017
Haiti,55,36%,122,35%,28,45%,37,26%,2017
Belgium,56,35%,81,46%,42,34%,39,26%,2017
Panama,57,35%,36,58%,70,26%,60,21%,2017
Slovenia,58,34%,105,40%,49,32%,23,32%,2017
Bosnia and Herzegovina,59,34%,58,53%,30,44%,132,6%,2017
Uruguay,60,34%,33,59%,69,27%,76,18%,2017
Colombia,61,34%,25,63%,86,21%,72,18%,2017
South Korea,62,34%,94,44%,31,41%,78,17%,2017
Tanzania,63,34%,60,53%,36,36%,110,12%,2017
North Macedonia,64,34%,74,49%,33,39%,105,13%,2017
Kosovo,65,33%,50,54%,32,41%,136,6%,2017
Lesotho,66,33%,17,67%,131,10%,48,24%,2017
France,67,33%,112,39%,56,30%,24,31%,2017
Cameroon,68,33%,34,59%,88,21%,67,20%,2017
Turkmenistan,69,33%,98,43%,51,31%,42,25%,2017
Bolivia,70,33%,52,54%,82,22%,55,22%,2017
Spain,71,33%,67,51%,43,33%,101,14%,2017
Zimbabwe,72,32%,18,66%,127,10%,62,21%,2017
South Sudan,73,32%,43,56%,102,18%,51,23%,2017
Jordan,74,32%,44,56%,74,25%,92,15%,2017
Brazil,75,32%,54,54%,85,21%,63,20%,2017
Lebanon,76,31%,80,46%,40,35%,103,13%,2017
Congo Brazzaville,77,31%,22,65%,114,14%,93,15%,2017
Pakistan,78,31%,73,49%,47,32%,109,12%,2017
Senegal,79,31%,32,59%,120,12%,52,23%,2017
Romania,80,31%,30,60%,79,24%,125,9%,2017
India,81,31%,118,36%,64,28%,34,27%,2017
Nicaragua,82,30%,114,38%,61,29%,44,24%,2017
Argentina,83,30%,45,56%,109,15%,68,20%,2017
Italy,84,30%,88,44%,54,30%,94,15%,2017
Kyrgyzstan,85,30%,79,46%,59,29%,95,15%,2017
Burkina Faso,86,30%,62,51%,105,17%,59,21%,2017
Kazakhstan,87,30%,104,40%,52,31%,71,18%,2017
Peru,88,30%,61,52%,108,17%,66,20%,2017
Afghanistan,89,30%,78,46%,83,22%,61,21%,2017
Ukraine,90,29%,99,42%,58,29%,83,16%,2017
Cote d'Ivoire,91,28%,41,57%,98,19%,126,9%,2017
Tunisia,92,28%,28,60%,118,12%,112,12%,2017
Botswana,93,28%,23,64%,135,7%,108,12%,2017
El Salvador,94,27%,72,49%,132,9%,46,24%,2017
Albania,95,27%,96,44%,62,28%,118,10%,2017
Gabon,96,27%,35,59%,123,11%,111,12%,2017
Moldova,97,27%,106,40%,77,24%,77,17%,2017
Guinea,98,27%,59,53%,119,12%,84,16%,2017
Chad,99,27%,95,44%,87,21%,89,16%,2017
Estonia,100,27%,121,36%,84,22%,57,22%,2017
Rwanda,101,26%,89,44%,96,19%,91,15%,2017
Slovakia,102,26%,125,33%,55,30%,88,16%,2017
Central African Republic,103,26%,100,41%,111,14%,53,23%,2017
Portugal,104,26%,77,46%,112,14%,80,17%,2017
Poland,105,26%,115,37%,68,27%,104,13%,2017
Mexico,106,26%,82,46%,101,18%,102,13%,2017
Ethiopia,107,25%,107,40%,90,20%,85,16%,2017
Egypt,108,25%,49,54%,110,15%,131,7%,2017
Togo,109,25%,85,45%,113,14%,90,16%,2017
Montenegro,110,25%,108,40%,76,24%,119,10%,2017
Japan,111,24%,135,23%,46,32%,73,18%,2017
Mali,112,24%,69,50%,124,11%,113,11%,2017
Benin,113,24%,101,41%,115,13%,81,17%,2017
Greece,114,24%,70,50%,130,10%,114,11%,2017
Venezuela,115,23%,83,45%,121,12%,115,11%,2017
Vietnam,116,23%,117,37%,106,17%,97,14%,2017
Belarus,117,22%,134,27%,91,20%,65,20%,2017
Niger,118,22%,87,45%,122,11%,117,10%,2017
Hungary,119,21%,119,36%,103,17%,123,9%,2017
Paraguay,120,21%,130,29%,81,23%,120,10%,2017
Croatia,121,20%,138,21%,63,28%,107,12%,2017
Armenia,122,20%,90,44%,117,12%,139,4%,2017
State of Palestine,123,20%,102,41%,126,10%,127,9%,2017
Russia,124,20%,127,30%,104,17%,106,12%,2017
Democratic Republic of the Congo,125,19%,120,36%,129,10%,116,10%,2017
Azerbaijan,126,19%,128,30%,125,11%,87,16%,2017
Bulgaria,127,19%,124,34%,107,17%,138,5%,2017
Czech Republic,128,18%,136,23%,100,18%,98,14%,2017
Bangladesh,129,18%,123,34%,116,13%,128,8%,2017
Mauritania,130,18%,110,39%,136,6%,122,10%,2017
Latvia,131,18%,131,28%,92,20%,137,5%,2017
Serbia,132,18%,137,21%,73,25%,129,7%,2017
Madagascar,133,18%,133,27%,133,8%,74,18%,2017
Cambodia,134,18%,139,18%,60,29%,133,6%,2017
Georgia,135,18%,113,38%,137,6%,124,9%,2017
Morocco,136,18%,97,43%,139,2%,130,7%,2017
Lithuania,137,16%,132,28%,128,10%,121,10%,2017
China,138,14%,129,30%,134,8%,134,6%,2017
Yemen,139,13%,126,31%,138,3%,135,6%,2017
Indonesia,1,59%,97,46%,2,78%,1,53%,2018
Australia,2,59%,24,65%,3,71%,6,40%,2018
New Zealand,3,58%,21,66%,5,68%,5,40%,2018
United States of America,4,58%,10,72%,12,61%,8,39%,2018
Ireland,5,56%,25,64%,9,64%,7,40%,2018
United Kingdom,6,55%,29,63%,4,68%,23,33%,2018
Singapore,7,54%,18,67%,14,58%,9,39%,2018
Kenya,8,54%,9,72%,27,46%,3,45%,2018
Myanmar,9,54%,112,40%,1,88%,22,34%,2018
Bahrain,10,53%,6,74%,25,53%,24,33%,2018
Netherlands,11,51%,71,52%,6,66%,13,37%,2018
United Arab Emirates,12,51%,16,68%,11,62%,57,23%,2018
Norway,13,50%,55,54%,7,65%,29,32%,2018
Haiti,14,49%,30,62%,20,54%,32,31%,2018
Canada,15,49%,45,57%,17,56%,26,33%,2018
Nigeria,16,48%,12,71%,42,36%,14,37%,2018
Iceland,17,48%,80,50%,8,65%,41,27%,2018
Malta,18,47%,59,53%,10,64%,51,25%,2018
Liberia,19,47%,4,80%,111,14%,2,47%,2018
Sierra Leone,20,47%,5,80%,81,23%,12,37%,2018
Zambia,21,46%,14,70%,46,35%,20,34%,2018
Germany,22,46%,42,58%,19,55%,46,26%,2018
Trinidad and Tobago,23,46%,13,70%,41,37%,30,31%,2018
Denmark,24,46%,41,58%,16,56%,55,23%,2018
Mauritius,25,46%,46,57%,29,42%,10,38%,2018
Switzerland,26,45%,116,40%,13,60%,11,37%,2018
Sri Lanka,27,45%,64,52%,36,39%,4,45%,2018
Libya,28,45%,1,83%,63,28%,52,24%,2018
Iran,29,45%,32,61%,24,53%,70,20%,2018
Hong Kong,30,44%,35,60%,18,55%,76,19%,2018
Gambia,31,44%,7,74%,62,28%,34,30%,2018
Austria,32,44%,62,52%,21,54%,50,26%,2018
Kuwait,33,43%,3,80%,37,39%,120,11%,2018
Iraq,34,43%,2,81%,59,29%,73,19%,2018
Cyprus,35,43%,34,60%,30,42%,45,26%,2018
Tajikistan,36,42%,37,59%,51,32%,15,36%,2018
Ghana,37,42%,31,62%,57,30%,17,36%,2018
Israel,38,42%,78,50%,23,53%,54,23%,2018
Belgium,39,41%,74,51%,28,45%,44,27%,2018
South Africa,40,41%,11,72%,100,17%,21,34%,2018
Luxembourg,41,41%,114,40%,26,50%,25,33%,2018
Sweden,42,41%,70,52%,15,57%,111,13%,2018
Turkmenistan,43,40%,88,48%,40,37%,18,35%,2018
Finland,44,40%,60,53%,35,39%,49,26%,2018
Mongolia,45,39%,111,41%,31,41%,16,36%,2018
Honduras,46,39%,54,54%,53,31%,27,32%,2018
Slovenia,47,39%,91,47%,43,35%,19,35%,2018
South Sudan,48,39%,36,60%,60,29%,35,29%,2018
Dominican Republic,49,39%,27,64%,90,20%,28,32%,2018
Uganda,50,39%,19,67%,80,23%,47,26%,2018
Saudi Arabia,51,37%,8,74%,68,26%,116,12%,2018
Nepal,52,37%,79,50%,48,33%,42,27%,2018
Uzbekistan,53,36%,73,51%,39,38%,68,20%,2018
Spain,54,36%,47,56%,45,35%,85,17%,2018
Kyrgyzstan,55,36%,68,52%,38,38%,81,18%,2018
Jamaica,56,36%,28,63%,106,15%,37,29%,2018
Malawi,57,35%,22,66%,108,15%,48,26%,2018
Democratic Republic of the Congo,58,35%,48,56%,95,19%,36,29%,2018
Paraguay,59,34%,61,53%,61,28%,60,22%,2018
South Korea,60,34%,92,47%,33,40%,96,15%,2018
Chile,61,34%,52,54%,50,33%,102,15%,2018
Thailand,61,34%,127,36%,22,53%,113,12%,2018
Costa Rica,62,34%,39,59%,71,25%,86,17%,2018
Cameroon,63,34%,17,67%,98,18%,90,16%,2018
Taiwan,64,34%,84,49%,47,33%,75,19%,2018
Guatemala,65,34%,72,51%,85,21%,38,28%,2018
Kosovo,66,33%,81,50%,32,40%,123,10%,2018
Nicaragua,67,33%,65,52%,69,26%,59,22%,2018
Italy,68,33%,95,46%,44,35%,82,17%,2018
Central African Republic,69,32%,67,52%,97,18%,43,27%,2018
Guinea,70,32%,66,52%,84,22%,53,24%,2018
Niger,71,32%,20,66%,130,10%,67,20%,2018
France,72,32%,122,37%,67,27%,31,31%,2018
Namibia,73,32%,26,64%,131,10%,63,21%,2018
Bangladesh,74,31%,44,57%,79,23%,110,13%,2018
Jordan,75,30%,15,68%,116,13%,125,9%,2018
Zimbabwe,76,30%,33,61%,128,10%,78,18%,2018
Uruguay,77,30%,83,49%,73,25%,97,15%,2018
Panama,78,30%,87,48%,92,20%,62,21%,2018
Mozambique,79,29%,77,50%,124,11%,40,27%,2018
Colombia,80,29%,50,56%,105,15%,88,17%,2018
Ukraine,81,29%,107,42%,58,29%,103,15%,2018
Burkina Faso,82,29%,49,56%,126,11%,71,19%,2018
Portugal,83,28%,76,50%,93,20%,94,15%,2018
Tanzania,84,28%,93,47%,56,30%,131,8%,2018
Lebanon,85,28%,85,49%,75,24%,117,12%,2018
Bolivia,86,28%,86,49%,106,15%,64,21%,2018
Senegal,87,28%,57,54%,103,16%,104,15%,2018
Slovakia,88,28%,134,32%,54,31%,61,22%,2018
Philippines,89,28%,102,44%,117,13%,39,28%,2018
Bosnia and Herzegovina,90,28%,123,37%,34,40%,137,7%,2018
Pakistan,91,28%,104,43%,65,27%,112,13%,2018
Algeria,92,28%,58,54%,119,13%,84,17%,2018
Mali,93,28%,63,52%,123,11%,66,20%,2018
Argentina,94,28%,69,52%,102,16%,98,15%,2018
Lesotho,95,28%,40,58%,142,5%,69,20%,2018
Kazakhstan,96,28%,130,35%,52,32%,89,16%,2018
Botswana,97,27%,38,59%,135,8%,91,16%,2018
Ethiopia,98,27%,106,43%,101,17%,58,23%,2018
Moldova,99,27%,99,45%,77,24%,109,13%,2018
Madagascar,100,27%,119,39%,121,12%,33,31%,2018
Peru,100,27%,94,47%,109,15%,65,20%,2018
Chad,101,27%,82,50%,104,16%,93,16%,2018
Romania,102,27%,56,54%,91,20%,139,6%,2018
Rwanda,103,26%,117,39%,83,22%,80,18%,2018
Morocco,104,26%,23,65%,143,5%,124,9%,2018
Benin,105,26%,89,48%,114,13%,87,17%,2018
Egypt,106,26%,43,57%,110,14%,141,6%,2018
Venezuela,107,26%,72,51%,125,11%,100,15%,2018
Albania,108,26%,108,42%,64,28%,134,7%,2018
Estonia,109,26%,133,34%,66,27%,92,16%,2018
Russia,110,25%,101,44%,86,21%,118,11%,2018
Cote d'Ivoire,111,25%,51,55%,120,12%,135,7%,2018
Poland,112,24%,131,34%,78,24%,99,15%,2018
Gabon,113,24%,53,54%,132,9%,122,10%,2018
Mexico,114,24%,98,45%,115,13%,105,14%,2018
Congo Brazzaville,115,24%,75,51%,136,8%,108,14%,2018
Montenegro,116,24%,120,38%,74,25%,127,9%,2018
Togo,117,24%,96,46%,127,11%,106,14%,2018
Georgia,118,24%,90,47%,140,6%,83,17%,2018
Ecuador,119,24%,115,40%,118,13%,79,18%,2018
Hungary,120,23%,125,36%,82,22%,115,12%,2018
Belarus,121,23%,137,31%,88,21%,74,19%,2018
Brazil,122,23%,105,43%,112,14%,109,13%,2018
Armenia,123,23%,100,45%,107,15%,130,9%,2018
India,124,22%,136,31%,89,20%,101,15%,2018
Czech Republic,125,22%,140,26%,87,21%,72,19%,2018
Bulgaria,126,22%,109,42%,96,18%,144,5%,2018
El Salvador,127,22%,118,39%,129,10%,95,15%,2018
Japan,128,22%,142,23%,99,18%,56,23%,2018
Serbia,129,21%,132,34%,76,24%,140,6%,2018
North Macedonia,130,20%,138,30%,70,26%,143,5%,2018
Turkey,131,20%,113,40%,122,12%,126,9%,2018
Croatia,132,20%,141,25%,72,25%,121,11%,2018
Mauritania,133,20%,121,37%,134,8%,107,14%,2018
Laos,134,20%,143,22%,49,33%,145,4%,2018
Tunisia,135,20%,103,44%,139,7%,132,8%,2018
Afghanistan,136,19%,110,41%,141,6%,119,11%,2018
Latvia,137,19%,139,28%,88,21%,128,9%,2018
Lithuania,138,19%,0,0%,94,19%,77,18%,2018
Azerbaijan,139,18%,129,35%,133,8%,114,12%,2018
Cambodia,140,18%,144,18%,55,30%,142,6%,2018
Palestine,141,17%,124,37%,138,7%,129,9%,2018
China,142,17%,135,31%,113,14%,133,7%,2018
Greece,143,17%,128,36%,137,7%,136,7%,2018
Yemen,144,15%,126,36%,144,2%,138,6%,2018
Indonesia,1,69%,26,65%,1,83%,1,60%,2021
Kenya,2,58%,6,76%,13,49%,3,49%,2021
Nigeria,3,52%,1,82%,46,33%,4,42%,2021
Myanmar,4,51%,76,51%,2,71%,13,31%,2021
Australia,5,49%,56,57%,3,61%,14,30%,2021
Ghana,6,47%,25,65%,26,44%,10,32%,2021
New Zealand,7,47%,66,56%,9,51%,8,34%,2021
Uganda,8,46%,7,75%,48,32%,11,31%,2021
Kosovo,9,46%,15,68%,5,59%,97,10%,2021
Thailand,10,46%,44,60%,4,60%,58,17%,2021
Tajikistan,11,45%,9,70%,97,16%,2,49%,2021
Bahrain,12,45%,29,64%,10,51%,47,19%,2021
United Arab Emirates,13,44%,20,66%,16,47%,41,21%,2021
India,14,44%,41,61%,35,36%,6,34%,2021
Ethiopia,15,44%,22,66%,36,36%,15,30%,2021
Mongolia,16,44%,85,45%,27,44%,5,42%,2021
Zambia,17,43%,5,76%,65,26%,16,28%,2021
Cameroon,18,43%,2,78%,66,26%,25,24%,2021
United States of America,19,43%,54,58%,24,45%,21,26%,2021
Ukraine,20,43%,21,66%,28,43%,44,19%,2021
South Africa,21,41%,23,65%,63,28%,12,31%,2021
United Kingdom,22,41%,89,43%,6,59%,36,22%,2021
Paraguay,23,41%,31,64%,34,37%,38,21%,2021
Tanzania,24,40%,67,56%,14,48%,59,17%,2021
Vietnam,25,40%,35,63%,40,35%,31,22%,2021
Ireland,26,40%,78,49%,20,45%,20,26%,2021
Nepal,27,40%,75,51%,41,35%,9,33%,2021
Georgia,28,40%,4,76%,112,9%,7,34%,2021
Uzbekistan,29,40%,58,57%,18,46%,62,16%,2021
Malaysia,29,40%,68,55%,21,45%,43,19%,2021
Chile,31,39%,18,67%,33,38%,76,14%,2021
Iran,32,39%,38,62%,23,45%,92,11%,2021
Dominican Republic,33,39%,10,70%,91,20%,17,28%,2021
Iraq,34,39%,3,78%,67,26%,80,14%,2021
Canada,35,38%,74,52%,25,44%,51,18%,2021
Kyrgyzstan,36,38%,49,59%,45,34%,35,22%,2021
Poland,37,38%,65,56%,37,36%,40,21%,2021
North Macedonia,38,38%,62,57%,19,45%,94,11%,2021
Netherlands,39,37%,107,35%,8,56%,39,21%,2021
Denmark,40,37%,82,46%,17,46%,49,19%,2021
Nicaragua,41,37%,37,63%,60,28%,42,20%,2021
Namibia,42,37%,12,69%,95,17%,24,24%,2021
Moldova,43,37%,11,70%,77,25%,64,16%,2021
Zimbabwe,44,37%,24,65%,94,18%,18,27%,2021
Bulgaria,45,37%,30,64%,44,34%,89,12%,2021
Iceland,46,36%,106,35%,7,56%,63,16%,2021
Norway,47,36%,102,39%,12,49%,47,19%,2021
Serbia,48,35%,69,54%,15,47%,113,5%,2021
Saudi Arabia,49,35%,32,64%,61,28%,74,14%,2021
Senegal,50,35%,13,68%,98,16%,37,21%,2021
Colombia,51,35%,17,67%,82,22%,66,16%,2021
Cote d'Ivoire,52,35%,28,65%,71,25%,79,14%,2021
Venezuela,53,35%,14,68%,103,13%,29,23%,2021
Brazil,54,35%,36,63%,70,26%,68,15%,2021
Bolivia,55,35%,33,64%,84,22%,50,19%,2021
Congo Brazzaville,56,35%,39,62%,92,19%,27,23%,2021
Peru,57,34%,27,65%,89,21%,56,18%,2021
Jamaica,57,34%,19,67%,102,13%,26,23%,2021
Montenegro,59,34%,73,53%,31,39%,96,11%,2021
Bosnia and Herzegovina,60,34%,77,50%,22,45%,110,7%,2021
Mauritius,61,34%,83,46%,50,30%,22,25%,2021
Austria,62,34%,94,42%,29,41%,54,18%,2021
Sri Lanka,63,34%,81,49%,68,26%,19,26%,2021
Sweden,64,34%,99,40%,11,49%,95,11%,2021
Albania,65,33%,52,58%,49,31%,93,11%,2021
Philippines,65,33%,40,62%,99,16%,28,23%,2021
Russia,67,33%,57,57%,58,28%,77,14%,2021
Egypt,68,33%,8,71%,93,18%,101,10%,2021
Bangladesh,69,33%,34,63%,81,22%,83,13%,2021
Cyprus,70,32%,79,49%,51,30%,55,18%,2021
Uruguay,71,32%,60,57%,72,25%,71,14%,2021
Slovakia,72,32%,70,53%,56,29%,78,14%,2021
Mexico,73,32%,47,60%,87,21%,67,16%,2021
Argentina,74,32%,51,58%,86,21%,61,16%,2021
Laos,75,32%,96,42%,30,40%,75,14%,2021
Algeria,76,31%,46,60%,100,16%,52,18%,2021
Malta,77,31%,103,37%,32,39%,53,18%,2021
Turkey,78,31%,48,59%,75,25%,99,10%,2021
El Salvador,79,31%,63,56%,101,15%,34,22%,2021
Mali,80,31%,55,58%,111,11%,23,24%,2021
Finland,81,31%,93,42%,62,28%,33,22%,2021
Hungary,82,31%,50,58%,75,25%,104,9%,2021
Costa Rica,83,30%,53,58%,90,20%,87,12%,2021
Estonia,84,30%,91,43%,53,29%,57,18%,2021
Germany,85,30%,100,40%,42,34%,70,15%,2021
Croatia,86,30%,72,53%,55,29%,107,7%,2021
Taiwan,87,30%,95,42%,39,35%,88,12%,2021
Czech Republic,88,30%,86,45%,73,25%,45,19%,2021
Tunisia,89,29%,16,68%,113,8%,90,12%,2021
Ecuador,90,29%,61,57%,104,13%,60,17%,2021
Benin,91,29%,43,61%,108,12%,82,13%,2021
Israel,92,28%,101,40%,47,33%,86,12%,2021
Cambodia,93,28%,87,44%,64,28%,81,13%,2021
Slovenia,94,28%,109,33%,52,29%,32,22%,2021
China,95,28%,80,49%,85,22%,73,14%,2021
Romania,96,28%,59,57%,88,21%,108,7%,2021
Switzerland,97,28%,111,30%,38,36%,46,19%,2021
Kazakhstan,98,28%,90,43%,54,29%,85,12%,2021
Lithuania,99,28%,88,43%,74,25%,65,16%,2021
Spain,100,27%,97,41%,69,26%,84,13%,2021
Greece,101,26%,71,53%,110,12%,72,14%,2021
Jordan,102,26%,42,61%,105,13%,114,5%,2021
Gabon,103,26%,64,56%,109,12%,98,10%,2021
Hong Kong,104,26%,105,37%,43,34%,111,6%,2021
Latvia,105,25%,98,41%,57,29%,109,7%,2021
France,106,25%,110,31%,83,22%,30,23%,2021
Pakistan,107,25%,92,42%,78,24%,106,8%,2021
Lebanon,108,24%,84,46%,96,17%,105,8%,2021
Morocco,109,23%,45,60%,114,3%,112,6%,2021
South Korea,110,22%,112,29%,59,28%,100,10%,2021
Italy,111,22%,108,33%,80,23%,103,9%,2021
Belgium,112,21%,113,25%,79,23%,69,15%,2021
Portugal,113,20%,104,37%,106,13%,102,10%,2021
Japan,114,12%,114,12%,107,12%,91,12%,2021
Indonesia,1,68%,76,58%,1,84%,1,63%,2022
Kenya,2,61%,7,77%,20,55%,2,52%,2022
United States of America,3,59%,4,80%,9,61%,7,37%,2022
Australia,4,55%,34,69%,6,64%,20,33%,2022
New Zealand,5,54%,46,66%,10,61%,14,34%,2022
Myanmar,6,52%,83,55%,2,73%,36,28%,2022
Sierra Leone,7,51%,1,83%,76,27%,3,44%,2022
Canada,8,51%,50,65%,13,59%,33,29%,2022
Zambia,9,50%,18,74%,53,35%,4,43%,2022
Ukraine,10,49%,13,75%,29,47%,54,24%,2022
Ireland,11,49%,87,55%,14,59%,21,32%,2022
Thailand,12,48%,58,64%,8,62%,75,19%,2022
Czech Republic,13,48%,54,64%,21,55%,52,24%,2022
Nigeria,14,48%,5,79%,73,29%,13,35%,2022
United Arab Emirates,15,47%,48,65%,18,56%,70,21%,2022
Poland,16,47%,45,66%,26,50%,45,25%,2022
United Kingdom,17,47%,97,52%,5,65%,55,24%,2022
Brazil,18,47%,11,76%,38,41%,48,25%,2022
Guinea,19,47%,26,72%,52,35%,15,33%,2022
Philippines,20,47%,15,75%,79,26%,6,39%,2022
Argentina,21,47%,12,76%,56,33%,24,31%,2022
Uganda,22,46%,8,77%,78,27%,12,35%,2022
Iceland,23,46%,109,50%,4,67%,69,22%,2022
Denmark,24,46%,74,60%,22,55%,61,23%,2022
Mongolia,25,46%,107,50%,24,52%,11,36%,2022
Honduras,26,46%,37,68%,47,36%,17,33%,2022
Serbia,27,46%,39,68%,11,60%,116,9%,2022
Jamaica,28,46%,3,80%,95,20%,9,36%,2022
Netherlands,29,46%,114,43%,3,68%,42,26%,2022
Russia,30,46%,31,71%,35,42%,53,24%,2022
Singapore,31,45%,73,61%,23,52%,57,23%,2022
Norway,32,45%,106,50%,15,59%,41,26%,2022
Austria,33,45%,102,51%,17,57%,38,27%,2022
North Macedonia,34,45%,35,69%,25,51%,96,14%,2022
Malta,35,45%,110,48%,7,64%,60,23%,2022
Venezuela,36,45%,2,82%,87,22%,27,30%,2022
Mexico,37,44%,10,76%,66,30%,37,27%,2022
Dominican Republic,38,44%,25,73%,82,25%,10,36%,2022
Paraguay,39,44%,29,71%,59,33%,31,29%,2022
Sri Lanka,40,44%,44,66%,69,30%,8,37%,2022
Kyrgyzstan,41,44%,47,65%,33,44%,64,23%,2022
Bosnia and Herzegovina,42,44%,66,62%,12,60%,110,10%,2022
Costa Rica,43,44%,6,78%,60,32%,66,22%,2022
Kosovo,44,43%,59,64%,19,56%,106,11%,2022
Bolivia,45,43%,14,75%,90,22%,19,33%,2022
Ghana,46,43%,69,61%,50,35%,16,33%,2022
Vietnam,47,43%,56,64%,39,40%,43,26%,2022
Iran,48,43%,55,64%,27,49%,91,15%,2022
China,49,42%,49,65%,51,35%,35,28%,2022
Sweden,50,42%,101,51%,16,58%,81,17%,2022
Colombia,51,42%,9,76%,80,25%,50,24%,2022
Ecuador,52,42%,17,74%,93,21%,30,30%,2022
Slovakia,53,41%,62,63%,36,42%,77,19%,2022
Bulgaria,54,41%,28,72%,54,34%,80,18%,2022
Germany,55,41%,91,54%,28,48%,72,20%,2022
Nepal,56,40%,85,55%,46,36%,26,30%,2022
India,57,40%,82,57%,61,31%,18,33%,2022
Nicaragua,58,40%,51,64%,75,27%,29,30%,2022
Uruguay,59,40%,27,72%,68,30%,78,19%,2022
Cyprus,60,40%,64,63%,49,35%,65,22%,2022
Senegal,61,40%,30,71%,86,24%,46,25%,2022
Hungary,62,40%,19,73%,55,33%,101,13%,2022
Turkey,63,40%,16,75%,57,33%,104,11%,2022
Estonia,64,40%,84,55%,34,43%,74,20%,2022
Burkina Faso,65,39%,72,61%,83,24%,22,32%,2022
Tajikistan,66,39%,75,60%,108,15%,5,43%,2022
Malawi,67,39%,20,73%,110,14%,28,30%,2022
Peru,68,39%,33,70%,91,22%,51,24%,2022
Slovenia,69,39%,108,50%,37,42%,49,25%,2022
Uzbekistan,70,38%,88,54%,31,45%,90,15%,2022
Chile,71,38%,42,67%,63,30%,86,16%,2022
Congo Brazzaville,72,38%,36,69%,99,18%,43,26%,2022
Mali,73,38%,60,63%,104,18%,23,32%,2022
Finland,74,37%,95,53%,44,37%,63,23%,2022
Iraq,75,37%,22,73%,72,29%,109,10%,2022
Switzerland,76,37%,115,40%,30,45%,40,27%,2022
Cameroon,77,37%,32,71%,98,19%,68,22%,2022
Israel,78,37%,100,51%,42,39%,71,21%,2022
Mauritius,79,37%,90,54%,58,33%,47,25%,2022
Cote d'Ivoire,80,37%,43,67%,85,24%,73,20%,2022
Hong Kong,81,37%,86,55%,32,44%,103,12%,2022
Croatia,82,37%,65,63%,43,37%,108,10%,2022
Lithuania,83,37%,52,64%,77,27%,76,19%,2022
Panama,84,36%,53,64%,88,22%,59,23%,2022
Saudi Arabia,85,36%,57,64%,71,29%,85,16%,2022
El Salvador,86,36%,71,61%,96,20%,39,27%,2022
South Africa,87,35%,67,62%,106,16%,34,28%,2022
South Korea,88,35%,96,53%,45,36%,89,16%,2022
Namibia,89,35%,41,68%,112,13%,62,23%,2022
Moldova,90,34%,38,68%,92,22%,100,13%,2022
Taiwan,91,34%,99,51%,41,39%,102,12%,2022
Togo,92,34%,80,57%,89,22%,58,23%,2022
Kazakhstan,93,34%,111,47%,40,39%,87,16%,2022
Mozambique,94,34%,92,53%,101,18%,25,30%,2022
Gabon,95,34%,23,73%,113,11%,83,17%,2022
Albania,96,34%,78,57%,48,36%,118,8%,2022
Tanzania,97,33%,92,53%,64,30%,94,14%,2022
Benin,98,32%,89,54%,97,19%,56,24%,2022
Spain,99,32%,104,50%,62,31%,88,16%,2022
France,100,32%,116,38%,70,30%,32,29%,2022
Jordan,101,32%,21,73%,111,14%,115,9%,2022
Greece,102,32%,79,57%,94,21%,82,17%,2022
Morocco,103,31%,24,73%,118,7%,95,14%,2022
Georgia,104,31%,40,68%,119,3%,67,22%,2022
Zimbabwe,105,31%,63,63%,114,10%,79,19%,2022
Romania,106,30%,68,61%,100,18%,105,11%,2022
Algeria,107,30%,77,58%,102,18%,97,14%,2022
Pakistan,108,29%,94,53%,81,25%,111,10%,2022
Italy,109,29%,113,44%,67,30%,93,14%,2022
Armenia,110,29%,70,61%,107,16%,107,11%,2022
Latvia,111,29%,103,50%,74,27%,112,10%,2022
Tunisia,112,28%,61,63%,115,9%,98,13%,2022
Laos,113,27%,117,36%,65,30%,92,15%,2022
Portugal,114,26%,98,52%,105,17%,113,10%,2022
Lebanon,115,24%,105,50%,109,14%,117,9%,2022
Egypt,116,23%,81,57%,116,7%,119,4%,2022
Afghanistan,117,21%,112,44%,117,7%,99,13%,2022
Japan,118,20%,118,24%,103,18%,83,17%,2022
Cambodia,119,19%,119,23%,84,24%,114,10%,2022
